contrast,donor,gain,endpoint
mean,Donor002,0.15545915111400416,E2_all_hidden
mean,Donor006,0.36094414553596743,E2_all_hidden
mean,Donor008,0.49037084680813997,E2_all_hidden
mean,Donor012,0.21783637644208775,E2_all_hidden
mean,Donor013,0.40144341797323524,E2_all_hidden
mean,Donor018,0.32466254703464037,E2_all_hidden
mean,Donor021,0.17094290453873656,E2_all_hidden
mean,Donor025,0.16642634721644844,E2_all_hidden
mean,Donor032,0.33898118906478647,E2_all_hidden
mean,Donor050,0.5827158136458714,E2_all_hidden
joint_ridge,Donor002,0.724671435316022,E2_all_hidden
joint_ridge,Donor006,0.16208516208131007,E2_all_hidden
joint_ridge,Donor008,0.11528880861527885,E2_all_hidden
joint_ridge,Donor012,0.800642413079294,E2_all_hidden
joint_ridge,Donor013,-0.013476204397574576,E2_all_hidden
joint_ridge,Donor018,0.36747817768056423,E2_all_hidden
joint_ridge,Donor021,0.0034616871330379606,E2_all_hidden
joint_ridge,Donor025,0.4456311924262155,E2_all_hidden
joint_ridge,Donor032,0.034804525717439916,E2_all_hidden
joint_ridge,Donor050,1.3559477432565727,E2_all_hidden
rna_ridge,Donor002,0.8021471612632907,E2_all_hidden
rna_ridge,Donor006,0.17311646023877958,E2_all_hidden
rna_ridge,Donor008,0.11610397125429267,E2_all_hidden
rna_ridge,Donor012,0.8679613863725839,E2_all_hidden
rna_ridge,Donor013,-0.012092817461049399,E2_all_hidden
rna_ridge,Donor018,0.38982854144530543,E2_all_hidden
rna_ridge,Donor021,0.00532679930947727,E2_all_hidden
rna_ridge,Donor025,0.4735163291467024,E2_all_hidden
rna_ridge,Donor032,0.03332468470451089,E2_all_hidden
rna_ridge,Donor050,1.475385841607662,E2_all_hidden
totalvi,Donor002,0.15757033202644166,E2_all_hidden
totalvi,Donor006,0.13063795397715972,E2_all_hidden
totalvi,Donor008,0.15271163080979838,E2_all_hidden
totalvi,Donor012,0.011797951735848522,E2_all_hidden
totalvi,Donor013,0.06182421853270964,E2_all_hidden
totalvi,Donor018,0.0013087270788451066,E2_all_hidden
totalvi,Donor021,-0.01322454837799264,E2_all_hidden
totalvi,Donor025,0.05369247114479503,E2_all_hidden
totalvi,Donor032,0.017924006946418602,E2_all_hidden
totalvi,Donor050,0.14832644065324202,E2_all_hidden
v040_abundance_shrinkage,Donor002,0.06243923628797188,E2_all_hidden
v040_abundance_shrinkage,Donor006,-0.015952720825072486,E2_all_hidden
v040_abundance_shrinkage,Donor008,0.21088086052877786,E2_all_hidden
v040_abundance_shrinkage,Donor012,0.012851332001410087,E2_all_hidden
v040_abundance_shrinkage,Donor013,-0.0023791740048256793,E2_all_hidden
v040_abundance_shrinkage,Donor018,0.0429377035677552,E2_all_hidden
v040_abundance_shrinkage,Donor021,0.001812402402900204,E2_all_hidden
v040_abundance_shrinkage,Donor025,0.06169511030363761,E2_all_hidden
v040_abundance_shrinkage,Donor032,0.0640280727218166,E2_all_hidden
v040_abundance_shrinkage,Donor050,-0.06826782549663818,E2_all_hidden
