task,method,all_mae
GSE334503_train_T,cellbridge[shared_top05],0.4481614653266842
Lawlor_CD3_CD28_Monocyte,cellbridge[shared_top05],0.6485857148456349
Lawlor_CD3_CD28_T,cellbridge[shared_top05],0.8408090539483233
Lawlor_IgM_IgG_B,cellbridge[shared_top05],1.097571809933249
Lawlor_IgM_IgG_Monocyte,cellbridge[shared_top05],0.6642740199016265
Lawlor_IgM_IgG_NK,cellbridge[shared_top05],0.943553866495971
Lawlor_IgM_IgG_T,cellbridge[shared_top05],0.8579652426515982
Lawlor_LPS_Monocyte,cellbridge[shared_top05],0.6154727718044457
Lawlor_LPS_T,cellbridge[shared_top05],0.8795238603047819
GSE334503_train_T,v040_abundance_shrinkage,0.4400007146328442
Lawlor_CD3_CD28_Monocyte,v040_abundance_shrinkage,0.912800321573541
Lawlor_CD3_CD28_T,v040_abundance_shrinkage,0.8265052960681141
Lawlor_IgM_IgG_B,v040_abundance_shrinkage,1.4545994546692274
Lawlor_IgM_IgG_Monocyte,v040_abundance_shrinkage,0.7669494047529708
Lawlor_IgM_IgG_NK,v040_abundance_shrinkage,0.9819289162731332
Lawlor_IgM_IgG_T,v040_abundance_shrinkage,0.8998813132902805
Lawlor_LPS_Monocyte,v040_abundance_shrinkage,0.8327175491079176
Lawlor_LPS_T,v040_abundance_shrinkage,0.951244349744414
GSE334503_train_T,joint_ridge,0.8030144724717463
Lawlor_CD3_CD28_Monocyte,joint_ridge,0.9929017572464944
Lawlor_CD3_CD28_T,joint_ridge,0.8575400323313594
Lawlor_IgM_IgG_B,joint_ridge,1.38738403434806
Lawlor_IgM_IgG_Monocyte,joint_ridge,0.9665291186068996
Lawlor_IgM_IgG_NK,joint_ridge,0.97202257882186
Lawlor_IgM_IgG_T,joint_ridge,0.993431685565852
Lawlor_LPS_Monocyte,joint_ridge,0.9068086608997143
Lawlor_LPS_T,joint_ridge,0.982533811456424
GSE334503_train_T,rna_ridge,0.8261657860129642
Lawlor_CD3_CD28_Monocyte,rna_ridge,0.9939408854617126
Lawlor_CD3_CD28_T,rna_ridge,0.8590458633502627
Lawlor_IgM_IgG_B,rna_ridge,1.38712453650544
Lawlor_IgM_IgG_Monocyte,rna_ridge,0.9660897666733786
Lawlor_IgM_IgG_NK,rna_ridge,0.972937947153856
Lawlor_IgM_IgG_T,rna_ridge,0.9953880566610698
Lawlor_LPS_Monocyte,rna_ridge,0.9097258582913966
Lawlor_LPS_T,rna_ridge,0.9836847125406204
GSE334503_train_T,mean,0.9528554718594816
Lawlor_CD3_CD28_Monocyte,mean,0.9905595824611876
Lawlor_CD3_CD28_T,mean,0.985290327266264
Lawlor_IgM_IgG_B,mean,1.3991088101937592
Lawlor_IgM_IgG_Monocyte,mean,0.998070936280326
Lawlor_IgM_IgG_NK,mean,0.9885863894729652
Lawlor_IgM_IgG_T,mean,0.9989717740435518
Lawlor_LPS_Monocyte,mean,0.9885084131930766
Lawlor_LPS_T,mean,0.9891049559535936
