task,n_anchors,anchors,all_mae,primary_mae,n_donors
Lawlor_CD3_CD28_T,0,,0.8321631663193939,0.7324159771811306,10
Lawlor_CD3_CD28_T,1,HLA-DR,0.8179238779993467,0.7139790562749585,10
Lawlor_CD3_CD28_T,2,"HLA-DR,ICOS",0.8099447214350045,0.7029532718467597,10
Lawlor_CD3_CD28_T,4,"HLA-DR,ICOS,PD-1,CD27",0.8050595293790422,0.7011512174145861,10
Lawlor_CD3_CD28_T,8,"HLA-DR,ICOS,PD-1,CD27,CD127,CD45RO,CD28,CD38",0.8298340507868369,0.7306217280567775,10
Lawlor_LPS_Monocyte,0,,0.6895783051071177,0.6915891404915436,10
Lawlor_LPS_Monocyte,1,PD-1,0.6376076599456971,0.7089483144001297,10
Lawlor_LPS_Monocyte,2,"PD-1,CD45RO",0.610088782642022,0.6929341913213829,10
Lawlor_LPS_Monocyte,4,"PD-1,CD45RO,CD28,CD38",0.587128593088951,0.6251068544853302,10
Lawlor_LPS_Monocyte,8,"PD-1,CD45RO,CD28,CD38,ICOS,CD27,CD127,HLA-DR",0.5980479846123432,0.6472835737437729,10
Lawlor_LPS_T,0,,0.8792077119031969,0.803970527152187,10
Lawlor_LPS_T,1,ICOS,0.8735641717972941,0.7985570474366266,10
Lawlor_LPS_T,2,"ICOS,HLA-DR",0.8695392738769767,0.7892923084586462,10
Lawlor_LPS_T,4,"ICOS,HLA-DR,CD38,CD28",0.8638477470906409,0.7859667143460083,10
Lawlor_LPS_T,8,"ICOS,HLA-DR,CD38,CD28,PD-1,CD45RO,CD127,CD27",0.870477403445385,0.7984060225509473,10
Lawlor_CD3_CD28_Monocyte,0,,0.719432363570849,0.645984885133243,10
Lawlor_CD3_CD28_Monocyte,1,PD-1,0.6383559727813823,0.6225495594078299,10
Lawlor_CD3_CD28_Monocyte,2,"PD-1,CD38",0.6335343449052562,0.6347704021164849,10
Lawlor_CD3_CD28_Monocyte,4,"PD-1,CD38,ICOS,CD45RO",0.6245636469375409,0.5470113982126199,10
Lawlor_CD3_CD28_Monocyte,8,"PD-1,CD38,ICOS,CD45RO,CD28,CD27,CD127,HLA-DR",0.6407389897835665,0.5303136671015246,10
Lawlor_IgM_IgG_B,0,,1.206436951922442,1.1103934453880138,5
Lawlor_IgM_IgG_B,1,CD38,1.1547012448910603,0.9612969308657549,5
Lawlor_IgM_IgG_B,2,"CD38,HLA-DR",1.140399234992753,0.941330687768022,5
Lawlor_IgM_IgG_B,4,"CD38,HLA-DR,PD-1,ICOS",1.1168592197950662,0.9287686029590956,5
Lawlor_IgM_IgG_B,8,"CD38,HLA-DR,PD-1,ICOS,CD127,CD28,CD27,CD45RO",1.1058914631838008,0.907893668776777,5
Lawlor_IgM_IgG_T,0,,0.8990830390345076,0.8076676056477856,10
Lawlor_IgM_IgG_T,1,HLA-DR,0.845612207206542,0.7552951760777658,10
Lawlor_IgM_IgG_T,2,"HLA-DR,PD-1",0.8277465174801855,0.7219387590822537,10
Lawlor_IgM_IgG_T,4,"HLA-DR,PD-1,ICOS,CD45RO",0.816863114778003,0.6925683878354302,10
Lawlor_IgM_IgG_T,8,"HLA-DR,PD-1,ICOS,CD45RO,CD28,CD27,CD38,CD127",0.8332267821206196,0.7112802338906576,10
Lawlor_IgM_IgG_NK,0,,0.9492158043579064,0.9329717998581444,10
Lawlor_IgM_IgG_NK,1,CD28,0.9387475527558669,0.949352030020336,10
Lawlor_IgM_IgG_NK,2,"CD28,PD-1",0.9332693946434376,0.9511452487701472,10
Lawlor_IgM_IgG_NK,4,"CD28,PD-1,CD38,ICOS",0.9258704470977104,0.9686176704149948,10
Lawlor_IgM_IgG_NK,8,"CD28,PD-1,CD38,ICOS,CD27,CD45RO,CD127,HLA-DR",0.9278799431839596,0.9413897106864524,10
Lawlor_IgM_IgG_Monocyte,0,,0.8028843989437391,0.7666139317873435,10
Lawlor_IgM_IgG_Monocyte,1,PD-1,0.6772551126584345,0.6134590302151482,10
Lawlor_IgM_IgG_Monocyte,2,"PD-1,CD45RO",0.6526875499860723,0.6418317818192618,10
Lawlor_IgM_IgG_Monocyte,4,"PD-1,CD45RO,CD38,ICOS",0.6193400371521458,0.6403338237310459,10
Lawlor_IgM_IgG_Monocyte,8,"PD-1,CD45RO,CD38,ICOS,CD27,CD28,CD127,HLA-DR",0.6374999651113645,0.6876157541018392,10
GSE334503_train_T,0,,0.7490490009248714,0.7876859776967501,11
GSE334503_train_T,1,CD28,0.6143875837154006,0.6154708797522367,11
GSE334503_train_T,2,"CD28,CD45RO",0.5462254507117794,0.5217345382451112,11
GSE334503_train_T,4,"CD28,CD45RO,CD127,CD38",0.4841820058188879,0.4679462305237826,11
GSE334503_train_T,8,"CD28,CD45RO,CD127,CD38,CD27,ICOS,HLA-DR,PD-1",0.4476280976917178,0.4189233269459967,11
