feature,contribution,donor,protein
CD45RO,0.0044340875127336,Donor013,CD69
CD28,0.0037085521592803,Donor013,CD69
CD127,0.0033426926664673,Donor013,CD69
PD-1,0.0029937125387112,Donor013,CD69
HLA-DR,0.0021404760054103,Donor013,CD69
CD38,0.0020177769759788,Donor013,CD69
ICOS,0.0017964297699686,Donor013,CD69
STAT1,-0.0009753460305932,Donor013,CD69
TXNIP,0.0009223628961071,Donor013,CD69
NKG7,0.0009082585187163,Donor013,CD69
NHERF1,-0.0007352479344147,Donor013,CD69
TUBA4A,-0.0007307294819152,Donor013,CD69
other,0.0007515006661305,Donor013,CD69
