donor,cellbridge,cellbridge_rna_only,joint_ridge,mean,rna_ridge,totalvi,v040_abundance_shrinkage
INCOV116,0.2454509008328777,0.3218151393708547,0.3214893786550601,0.3214893786550601,0.3214893786550601,0.397542998717255,0.2933866621726359
INCOV088,0.2485280075548111,0.23601789918338,0.2364159320559404,0.2364159320559404,0.2364159320559404,0.22619830134031,0.2444601874626664
INCOV107,0.2506044583256564,0.2435369427203478,0.2483729059699992,0.2483729059699992,0.2483729059699992,0.2190526786546386,0.2661533823358856
INCOV075,0.257176107131121,0.2338915365179617,0.237640233675419,0.237640233675419,0.237640233675419,0.2295357694549843,0.250170037727274
INCOV069,0.2705310507527714,0.5667449575455611,0.4670224360284412,0.4670224360284412,0.4670224360284412,0.5053375537916946,0.3394521910679223
INCOV104,0.2787310833534903,0.3125004559419087,0.3035945404202771,0.3035945404202771,0.3035945404202771,0.3461099816044388,0.2816951256498212
INCOV093,0.2789676694441182,0.2556093197927558,0.2691606456178163,0.2691606456178163,0.2691606456178163,0.2754242465251529,0.2577165783969775
INCOV125,0.2863652672669767,0.3518694974648397,0.3175549854770215,0.3175549854770215,0.3175549854770215,0.3913932001685783,0.2953989127332971
INCOV111,0.3126935839958626,0.3470384064754079,0.3476116903904129,0.3476116903904129,0.3476116903904129,0.3795822588175698,0.3232078680544218
INCOV121,0.3175331422810529,0.3044531104549248,0.2994893469678339,0.2994893469678339,0.2994893469678339,0.3505964963379063,0.2923719356988528
INCOV101,0.3193010597971263,0.258433822212092,0.2689068791413308,0.2689068791413308,0.2689068791413308,0.2336101817221191,0.2605698108955429
INCOV114,0.3216958412576747,0.2354815144349903,0.2492839412150177,0.2492839412150177,0.2492839412150177,0.2924395420567448,0.3040597790614373
INCOV062,0.3277097034146483,0.5865208300411101,0.5114734226857058,0.5114734226857058,0.5114734226857058,0.5419338210067074,0.3964470490602153
INCOV073,0.340309387785134,0.3189461092188855,0.3161580153149209,0.3161580153149209,0.3161580153149209,0.2674717668354507,0.3450297838498197
INCOV147,0.3478425920241272,0.3620163845179729,0.3798423537126238,0.3798423537126238,0.3798423537126238,0.4338360222931177,0.363523892660077
INCOV023,0.4262222774981393,0.5290562997793202,0.5201203118786959,0.5201203118786959,0.5201203118786959,0.5948884938082278,0.4254196999505645
INCOV029,0.4284164009778742,0.6894708804830537,0.531199933947654,0.531199933947654,0.531199933947654,0.5358195923190265,0.5031483810759931
INCOV072,0.4285574008311726,0.5603005870254794,0.5382347251240797,0.5382347251240797,0.5382347251240797,0.598969891739724,0.4496264163211077
INCOV081,0.4359603682222393,0.487578742779753,0.4738675603137439,0.4738675603137439,0.4738675603137439,0.4032986237839436,0.4609358959890904
INCOV058,0.5022121992482937,1.085052283477453,1.07263832116138,1.07263832116138,1.07263832116138,0.9459340807921044,0.4864526389288705
INCOV082,0.5157425649494711,0.5543492380226991,0.6790872044450276,0.6790872044450276,0.6790872044450276,0.5451266766186623,0.7336834524149292
INCOV050,0.5336425685838563,0.5150196850689407,0.576931184856611,0.576931184856611,0.576931184856611,0.5411750064521453,0.5460669876345805
INCOV005,0.6609695841413424,1.0313198943402666,1.0411926334645791,1.0411926334645791,1.0411926334645791,0.951545545827931,0.6066700727691501
INCOV024,0.7471620944430738,2.002685037260049,1.9663697428985067,1.9663697428985067,1.9663697428985067,2.143099511100126,0.7338689812798616
INCOV042,0.778837842991781,1.312170828191526,1.25213590955842,1.25213590955842,1.25213590955842,1.2086348286728237,0.6837984889729026
INCOV047,0.8653750630492385,1.3257106531680236,1.2189358646537198,1.2189358646537198,1.2189358646537198,1.2619323560354776,0.9878188933261334
INCOV035,0.8881099910537535,3.8371318189040577,4.003964434633216,4.003964434633216,4.003964434633216,3.982695819954909,0.8033476353825252
INCOV043,0.9258264878094412,1.2268311664218885,1.1231834189330632,1.1231834189330632,1.1231834189330632,1.1844319081621952,0.9230023369476918
INCOV041,1.1086330474740922,3.5344247082889924,4.118135272650672,4.118135272650672,4.118135272650672,4.500128707808241,0.831053529234647
