task,method,donors,primary_mae,all_mae,primary_skill,all_skill_median_target
GSE334503_train_T,mean,11,0.9484341596796869,0.9528554718594816,0.0,0.0
GSE334503_train_T,rna_ridge,11,0.8251432032781684,0.8261657860129642,0.19304032569007223,0.2140544462246674
GSE334503_train_T,joint_ridge,11,0.7945015941112511,0.8030144724717463,0.24501225579733432,0.252736279294758
GSE334503_train_T,v040_abundance_shrinkage,11,0.36188694229590285,0.4400007146328442,0.860567021019596,0.7916961593330823
GSE334503_train_T,cellbridge[per_target],11,0.3895406733609429,0.4773386631377511,0.8335903771884482,0.7804452864836924
GSE334503_train_T,cellbridge[shared],11,0.40550857813374913,0.4373661827951077,0.8273103323843307,0.8285348341345515
GSE334503_train_T,cellbridge[shared_top01],11,0.4015323940627369,0.43891946083726513,0.8281608435208272,0.8274930720912479
GSE334503_train_T,cellbridge[shared_top02],11,0.4045766363567335,0.44173466574980585,0.8281453866090374,0.8165179785642358
GSE334503_train_T,cellbridge[shared_top05],11,0.39351948713597873,0.4481614653266842,0.8358684648806928,0.8021778210626992
GSE334503_train_T,cellbridge[shared_top10],11,0.4464188964914714,0.47856541698497884,0.7936234874514208,0.7729896653991521
GSE334503_train_T,cellbridge[per_target_top05],11,0.4046167612104115,0.4730233978234489,0.823776685295888,0.7812720405891806
GSE334503_train_T,cellbridge[shared_top05|rna_only],11,0.8454163694080555,0.7959577276172772,0.21678513196124738,0.2657510958298172
GSE334503_train_T,cellbridge[shared_top05|anchors_required],11,0.4008850986201767,0.44224196915102015,0.8312499534824974,0.8163634152729083
GSE334503_train_T,cellbridge[shared_top05|rho0],11,0.420423997965931,0.44648889901414796,0.8148008912577868,0.815000082564673
GSE334503_train_T,cellbridge[shared_top05|rho_max],11,0.3584202042261173,0.46807227811657504,0.8524560418779181,0.7703907105942842
GSE334503_train_T,cellbridge[shared_top05|no_level],11,0.39351948713597873,0.4481614653266842,0.8358684648806928,0.8021778210626992
GSE334503_train_T,cellbridge[shared_top05|k1],11,0.39735594778763056,0.43948205862851836,0.8299262159197806,0.8215867929907937
Lawlor_CD3_CD28_Monocyte,mean,10,0.9903074172825553,0.9905595824611876,-2.220446049250313e-16,0.0
Lawlor_CD3_CD28_Monocyte,rna_ridge,10,0.9002456573463402,0.9939408854617126,0.17729407032066202,-0.03910973638265047
Lawlor_CD3_CD28_Monocyte,joint_ridge,10,0.8966491348994495,0.9929017572464944,0.1827334584748217,-0.03548411954266539
Lawlor_CD3_CD28_Monocyte,v040_abundance_shrinkage,10,0.8392959560939278,0.912800321573541,0.28387856763716135,0.06742780710693175
Lawlor_CD3_CD28_Monocyte,cellbridge[per_target],10,0.5614391367620082,0.6892928599384164,0.6017274117803012,0.5427031911038402
Lawlor_CD3_CD28_Monocyte,cellbridge[shared],10,0.550218053784812,0.677386091445577,0.6699870480336328,0.6453332754509826
Lawlor_CD3_CD28_Monocyte,cellbridge[shared_top01],10,0.5375423124193788,0.6676692504837596,0.6853488976833698,0.6474053857736957
Lawlor_CD3_CD28_Monocyte,cellbridge[shared_top02],10,0.5192123829916186,0.6504069395975509,0.7077790181527853,0.6857942139241879
Lawlor_CD3_CD28_Monocyte,cellbridge[shared_top05],10,0.5220857808193484,0.6485857148456349,0.7027141096140472,0.6779523077128777
Lawlor_CD3_CD28_Monocyte,cellbridge[shared_top10],10,0.5751041615420871,0.654263183261029,0.6532559261633186,0.631725423253627
Lawlor_CD3_CD28_Monocyte,cellbridge[per_target_top05],10,0.5415174233474347,0.6483592517425152,0.6264864215169916,0.5963352187832331
Lawlor_CD3_CD28_Monocyte,cellbridge[shared_top05|rna_only],10,0.6644552701322912,0.715002862169625,0.5177938996420814,0.5241843378238447
Lawlor_CD3_CD28_Monocyte,cellbridge[shared_top05|anchors_required],10,0.5085297800470517,0.652598601149194,0.7177522700049669,0.6785552022587267
Lawlor_CD3_CD28_Monocyte,cellbridge[shared_top05|rho0],10,0.4881463016770389,0.668605237812636,0.7080802229793632,0.5838379800959776
Lawlor_CD3_CD28_Monocyte,cellbridge[shared_top05|rho_max],10,0.5453453065139945,0.6395757324423257,0.690892577330674,0.6743205116031392
Lawlor_CD3_CD28_Monocyte,cellbridge[shared_top05|no_level],10,0.5220857808193484,0.6485857148456349,0.7027141096140472,0.6779523077128777
Lawlor_CD3_CD28_Monocyte,cellbridge[shared_top05|k1],10,0.5211644418533192,0.6627493548488228,0.6958540413024545,0.6254613559746881
Lawlor_CD3_CD28_T,mean,10,0.9355586236488225,0.9852903272662641,3.3306690738754696e-16,0.0
Lawlor_CD3_CD28_T,rna_ridge,10,0.8517785626938267,0.8590458633502627,0.143336440926757,0.2133423044351841
Lawlor_CD3_CD28_T,joint_ridge,10,0.8482369517556776,0.8575400323313594,0.14894394755813056,0.21407315763263524
Lawlor_CD3_CD28_T,v040_abundance_shrinkage,10,0.5264972371244,0.8265052960681141,0.5618692469064503,0.24434624266906257
Lawlor_CD3_CD28_T,cellbridge[per_target],10,0.9484477298224944,0.9672584048487292,-0.015558633908430597,0.01694691032192619
Lawlor_CD3_CD28_T,cellbridge[shared],10,0.7327076881450908,0.8246649837063398,0.386319674265024,0.287402889599473
Lawlor_CD3_CD28_T,cellbridge[shared_top01],10,0.7167016450911097,0.8347946782171667,0.40977432169033545,0.2671941923991752
Lawlor_CD3_CD28_T,cellbridge[shared_top02],10,0.7074384541193777,0.8378200328163382,0.41336146132658225,0.2639744772208682
Lawlor_CD3_CD28_T,cellbridge[shared_top05],10,0.6986283830643055,0.8408090539483233,0.41799405905837395,0.2500579629458307
Lawlor_CD3_CD28_T,cellbridge[shared_top10],10,0.6919877861362671,0.8422396473225515,0.40830153388510015,0.24006494075441542
Lawlor_CD3_CD28_T,cellbridge[per_target_top05],10,0.8800702237653525,0.9119875568444481,0.15044982779735872,0.14593555163174332
Lawlor_CD3_CD28_T,cellbridge[shared_top05|rna_only],10,0.7006770707713252,0.8452332527568283,0.4145818868892194,0.2323105500100533
Lawlor_CD3_CD28_T,cellbridge[shared_top05|anchors_required],10,0.6960748114376955,0.8367415361482611,0.4211909907125887,0.2759200013844615
Lawlor_CD3_CD28_T,cellbridge[shared_top05|rho0],10,0.6892811753653653,0.8617514317530276,0.36695949717372844,0.17925654908462263
Lawlor_CD3_CD28_T,cellbridge[shared_top05|rho_max],10,0.7291084513548941,0.8330810166676181,0.3961513972266515,0.2594074705549164
Lawlor_CD3_CD28_T,cellbridge[shared_top05|no_level],10,0.6986283830643055,0.8408090539483233,0.41799405905837395,0.2500579629458307
Lawlor_CD3_CD28_T,cellbridge[shared_top05|k1],10,0.7164929700156191,0.8322411529219407,0.3897228628518056,0.24918293859001128
Lawlor_IgM_IgG_B,mean,5,1.5568337027480654,1.3991088101937592,0.0,0.0
Lawlor_IgM_IgG_B,rna_ridge,5,1.5800827327067812,1.38712453650544,0.08621190542020263,-0.014476609134781437
Lawlor_IgM_IgG_B,joint_ridge,5,1.5807996138234008,1.3873840343480601,0.08604354923770363,-0.014510395009019073
Lawlor_IgM_IgG_B,v040_abundance_shrinkage,5,1.5176161594877806,1.4545994546692274,0.18622862646773242,-0.03488087861101197
Lawlor_IgM_IgG_B,cellbridge[per_target],5,1.1448383718419437,1.2892880137576919,0.485521377436255,0.04315742712875703
Lawlor_IgM_IgG_B,cellbridge[shared],5,1.1326215943778402,1.135423193939316,0.5676385457236965,0.272171042078891
Lawlor_IgM_IgG_B,cellbridge[shared_top01],5,1.1174631946210016,1.116821052297086,0.5802212513695097,0.28484126017574996
Lawlor_IgM_IgG_B,cellbridge[shared_top02],5,1.1061663761141105,1.1161210474942092,0.5784384650557941,0.2647897422980432
Lawlor_IgM_IgG_B,cellbridge[shared_top05],5,1.102485410423046,1.097571809933249,0.5658696337418923,0.3148110530889877
Lawlor_IgM_IgG_B,cellbridge[shared_top10],5,1.111925105604954,1.1134467201021696,0.5600851230070008,0.305247328318735
Lawlor_IgM_IgG_B,cellbridge[per_target_top05],5,1.1993626338915713,1.2606233377033136,0.41711159307310774,0.0738088075109452
Lawlor_IgM_IgG_B,cellbridge[shared_top05|rna_only],5,1.1173817187268758,1.12392721221449,0.5459939224768596,0.2921511881034402
Lawlor_IgM_IgG_B,cellbridge[shared_top05|anchors_required],5,1.1043460247378518,1.1094972234644642,0.575089960209868,0.27469671661093276
Lawlor_IgM_IgG_B,cellbridge[shared_top05|rho0],5,1.0899253118105878,1.092100425923983,0.5368392494361147,0.31741435061681555
Lawlor_IgM_IgG_B,cellbridge[shared_top05|rho_max],5,1.094665103547216,1.0956097777276743,0.5776534970696254,0.30369883371215
Lawlor_IgM_IgG_B,cellbridge[shared_top05|no_level],5,1.102485410423046,1.097571809933249,0.5658696337418923,0.3148110530889877
Lawlor_IgM_IgG_B,cellbridge[shared_top05|k1],5,1.085613936662536,1.1710142524709894,0.5748610065401262,0.2873934508770445
Lawlor_IgM_IgG_Monocyte,mean,10,0.9551509875940163,0.9980709362803261,0.0,0.0
Lawlor_IgM_IgG_Monocyte,rna_ridge,10,0.879896664859196,0.9660897666733786,0.23293390974690686,-0.00933849628737704
Lawlor_IgM_IgG_Monocyte,joint_ridge,10,0.8820038035084112,0.9665291186068995,0.23326189791016738,-0.03121816431408808
Lawlor_IgM_IgG_Monocyte,v040_abundance_shrinkage,10,0.7674362289654828,0.7669494047529708,0.3492550215546216,0.3665391434248012
Lawlor_IgM_IgG_Monocyte,cellbridge[per_target],10,0.7445318629301352,0.766609411862211,0.4196554574632114,0.42884073537017753
Lawlor_IgM_IgG_Monocyte,cellbridge[shared],10,0.6754110393187924,0.6416178414556152,0.41568075822922745,0.5016363428778505
Lawlor_IgM_IgG_Monocyte,cellbridge[shared_top01],10,0.6915573072763876,0.6500372018445973,0.4160022799751767,0.4778581898589669
Lawlor_IgM_IgG_Monocyte,cellbridge[shared_top02],10,0.6816144292732933,0.6442241901379722,0.42197417730338604,0.4835976387532933
Lawlor_IgM_IgG_Monocyte,cellbridge[shared_top05],10,0.6993102311302648,0.6642740199016265,0.3846719198276233,0.4785228284635229
Lawlor_IgM_IgG_Monocyte,cellbridge[shared_top10],10,0.6949509070476871,0.7165914219228532,0.33085177071697214,0.4348405940862594
Lawlor_IgM_IgG_Monocyte,cellbridge[per_target_top05],10,0.7889035039688559,0.7427659448299366,0.3443421576224127,0.4218423137017434
Lawlor_IgM_IgG_Monocyte,cellbridge[shared_top05|rna_only],10,0.7714295390699479,0.8091491719246695,0.2678466277578878,0.27902738742011224
Lawlor_IgM_IgG_Monocyte,cellbridge[shared_top05|anchors_required],10,0.6837407230075856,0.6403241965848964,0.42210761434746413,0.4842184019100936
Lawlor_IgM_IgG_Monocyte,cellbridge[shared_top05|rho0],10,0.723064484816298,0.6611620154028606,0.31119678193955935,0.4834497426472698
Lawlor_IgM_IgG_Monocyte,cellbridge[shared_top05|rho_max],10,0.72488896676891,0.6838663350868415,0.42266053780231727,0.4760463860840254
Lawlor_IgM_IgG_Monocyte,cellbridge[shared_top05|no_level],10,0.6993102311302648,0.6642740199016265,0.3846719198276233,0.4785228284635229
Lawlor_IgM_IgG_Monocyte,cellbridge[shared_top05|k1],10,0.6884363021461133,0.6481047788322416,0.417603004113275,0.4877389427349058
Lawlor_IgM_IgG_NK,mean,10,0.9466619080178573,0.9885863894729651,0.0,0.0
Lawlor_IgM_IgG_NK,rna_ridge,10,0.9376859764567959,0.972937947153856,-0.0005044893697843111,0.03739917983824226
Lawlor_IgM_IgG_NK,joint_ridge,10,0.9324310202844451,0.97202257882186,0.006760563192080404,0.03514938218852626
Lawlor_IgM_IgG_NK,v040_abundance_shrinkage,10,0.9438453196588783,0.9819289162731332,0.04158964211126581,0.017195068803422364
Lawlor_IgM_IgG_NK,cellbridge[per_target],10,1.0554552264403474,0.9435679353896637,-0.0847454593905772,-0.029563793945586392
Lawlor_IgM_IgG_NK,cellbridge[shared],10,0.9472152272722969,0.9418279669510026,0.07612888067915236,0.07302779380447244
Lawlor_IgM_IgG_NK,cellbridge[shared_top01],10,0.9527797006709813,0.942386954846292,0.03716937627845229,0.06675334645966224
Lawlor_IgM_IgG_NK,cellbridge[shared_top02],10,0.9590519702829752,0.9405583102994562,0.03095894880525729,0.06537384424865811
Lawlor_IgM_IgG_NK,cellbridge[shared_top05],10,0.9491655388694784,0.943553866495971,0.04308015840411761,0.06942678509972888
Lawlor_IgM_IgG_NK,cellbridge[shared_top10],10,0.941800943428696,0.9505651575295324,0.054616590735615866,0.0652427235009918
Lawlor_IgM_IgG_NK,cellbridge[per_target_top05],10,1.048969662846995,0.9269445069049318,-0.07785478402113566,-0.048929606889184685
Lawlor_IgM_IgG_NK,cellbridge[shared_top05|rna_only],10,0.9597160146776205,0.957712578043793,0.016997027744779847,0.03552052143277229
Lawlor_IgM_IgG_NK,cellbridge[shared_top05|anchors_required],10,0.9541959855459746,0.9391769957954403,0.03517624468148006,0.06524439532088189
Lawlor_IgM_IgG_NK,cellbridge[shared_top05|rho0],10,0.9666707714021376,0.9448648019839044,-0.013726098303867396,0.029710619385043158
Lawlor_IgM_IgG_NK,cellbridge[shared_top05|rho_max],10,0.929284036906064,0.9425534113795271,0.08530909475965887,0.09336560716289677
Lawlor_IgM_IgG_NK,cellbridge[shared_top05|no_level],10,0.9491655388694784,0.943553866495971,0.04308015840411761,0.06942678509972888
Lawlor_IgM_IgG_NK,cellbridge[shared_top05|k1],10,0.9617432522473364,0.9333363459853425,0.02940032136431281,0.08546316420847988
Lawlor_IgM_IgG_T,mean,10,0.9982081280544761,0.9989717740435518,0.0,0.0
Lawlor_IgM_IgG_T,rna_ridge,10,0.975159307908436,0.9953880566610698,0.01893763492727374,0.008994594964466196
Lawlor_IgM_IgG_T,joint_ridge,10,0.9705865855447013,0.993431685565852,0.02778436204406154,0.01121703922152062
Lawlor_IgM_IgG_T,v040_abundance_shrinkage,10,0.7667230960451528,0.8998813132902805,0.3806506420599127,0.13113090441135644
Lawlor_IgM_IgG_T,cellbridge[per_target],10,0.7428649443868536,0.9228615805510282,0.36111279497200777,0.07467148142561819
Lawlor_IgM_IgG_T,cellbridge[shared],10,0.7556177610221211,0.8639794082155415,0.3838794647275794,0.2557535595876208
Lawlor_IgM_IgG_T,cellbridge[shared_top01],10,0.7430709842465577,0.8568821702811009,0.39270341085727534,0.28886680733568004
Lawlor_IgM_IgG_T,cellbridge[shared_top02],10,0.7421367165810704,0.8545624567919017,0.39213584760770615,0.2831819754321473
Lawlor_IgM_IgG_T,cellbridge[shared_top05],10,0.758123059919753,0.8579652426515982,0.3744952116623067,0.2803792392033164
Lawlor_IgM_IgG_T,cellbridge[shared_top10],10,0.7995361144269124,0.8773877100941337,0.3341845228357512,0.278775266078764
Lawlor_IgM_IgG_T,cellbridge[per_target_top05],10,0.7862596987195254,0.8918092088053184,0.33236085766066337,0.09079897397599646
Lawlor_IgM_IgG_T,cellbridge[shared_top05|rna_only],10,0.8634282752812238,0.9302760245850255,0.25365007864350175,0.15631454813788614
Lawlor_IgM_IgG_T,cellbridge[shared_top05|anchors_required],10,0.7384953277457844,0.8578424388965615,0.3925505158105079,0.270090374503009
Lawlor_IgM_IgG_T,cellbridge[shared_top05|rho0],10,0.7714483394657521,0.8668227256796731,0.34886431790610806,0.25804500894916516
Lawlor_IgM_IgG_T,cellbridge[shared_top05|rho_max],10,0.7397469595258211,0.8485422693586816,0.3930323731690317,0.2933104812240992
Lawlor_IgM_IgG_T,cellbridge[shared_top05|no_level],10,0.758123059919753,0.8579652426515982,0.3744952116623067,0.2803792392033164
Lawlor_IgM_IgG_T,cellbridge[shared_top05|k1],10,0.73382881313058,0.8550910556226204,0.39924856134791786,0.28229078230745996
Lawlor_LPS_Monocyte,mean,10,1.0057149327831492,0.9885084131930766,-4.440892098500626e-16,0.0
Lawlor_LPS_Monocyte,rna_ridge,10,1.0069107370908057,0.9097258582913966,0.09950169816705579,0.03389574246770488
Lawlor_LPS_Monocyte,joint_ridge,10,1.006944948429131,0.9068086608997143,0.0980916709254287,0.03731717504502852
Lawlor_LPS_Monocyte,v040_abundance_shrinkage,10,0.8302758427933543,0.8327175491079176,0.3482505812668423,0.31087222359494704
Lawlor_LPS_Monocyte,cellbridge[per_target],10,0.657436970621072,0.6880267699706979,0.5772315169869657,0.4849670255098276
Lawlor_LPS_Monocyte,cellbridge[shared],10,0.6715287885706702,0.619074463891821,0.5462720752984731,0.5617336666954027
Lawlor_LPS_Monocyte,cellbridge[shared_top01],10,0.6476849860242527,0.6091918803860568,0.567326686906901,0.5582153517100172
Lawlor_LPS_Monocyte,cellbridge[shared_top02],10,0.641756940203669,0.6112114419175252,0.5763786945308196,0.5566516259406201
Lawlor_LPS_Monocyte,cellbridge[shared_top05],10,0.6349353766139576,0.6154727718044457,0.5832143926790185,0.5490981673830951
Lawlor_LPS_Monocyte,cellbridge[shared_top10],10,0.6402720468647434,0.6348354861669229,0.5701517132619237,0.5205139536689343
Lawlor_LPS_Monocyte,cellbridge[per_target_top05],10,0.6617202629880923,0.6870877881918922,0.5626461340489946,0.4759045854696766
Lawlor_LPS_Monocyte,cellbridge[shared_top05|rna_only],10,0.7036007415046232,0.695198337689254,0.5052159100243652,0.4803093171239733
Lawlor_LPS_Monocyte,cellbridge[shared_top05|anchors_required],10,0.6409059425047127,0.6079866051998732,0.5766568552907005,0.5613809346521841
Lawlor_LPS_Monocyte,cellbridge[shared_top05|rho0],10,0.6579500278360391,0.6241833803732763,0.5259911547922933,0.5436385128791723
Lawlor_LPS_Monocyte,cellbridge[shared_top05|rho_max],10,0.6160087077325191,0.6180313590374081,0.6210312845992676,0.5478917976302116
Lawlor_LPS_Monocyte,cellbridge[shared_top05|no_level],10,0.6349353766139576,0.6154727718044457,0.5832143926790185,0.5490981673830951
Lawlor_LPS_Monocyte,cellbridge[shared_top05|k1],10,0.6469233428387366,0.6122674406515041,0.5689669101071604,0.5490992230720612
Lawlor_LPS_T,mean,10,0.9927850221494232,0.9891049559535935,0.0,0.0
Lawlor_LPS_T,rna_ridge,10,0.962446567084012,0.9836847125406203,0.08163030759559275,0.012461422134554812
Lawlor_LPS_T,joint_ridge,10,0.9584136674391143,0.9825338114564239,0.08880994706415579,0.012412535366641553
Lawlor_LPS_T,v040_abundance_shrinkage,10,0.8739316830343586,0.9512443497444141,0.19551799307840634,0.0709982176819185
Lawlor_LPS_T,cellbridge[per_target],10,0.8402899610818995,0.9207766375643109,0.3379090397671297,0.07740163966676195
Lawlor_LPS_T,cellbridge[shared],10,0.7802093221286436,0.8927875008294347,0.3555930584641339,0.1649676195600599
Lawlor_LPS_T,cellbridge[shared_top01],10,0.7780032919147282,0.8932190440671043,0.3692862360645176,0.14395943904140585
Lawlor_LPS_T,cellbridge[shared_top02],10,0.7715461670842736,0.8863167639294387,0.3725461184493616,0.14958992801204896
Lawlor_LPS_T,cellbridge[shared_top05],10,0.7798200804137417,0.8795238603047819,0.36128388133694933,0.1463226255815684
Lawlor_LPS_T,cellbridge[shared_top10],10,0.7839576646645584,0.8787962677270416,0.34650671112620657,0.15500373763676467
Lawlor_LPS_T,cellbridge[per_target_top05],10,0.8555001273134888,0.9087351597875181,0.29951113156381026,0.02576463341628199
Lawlor_LPS_T,cellbridge[shared_top05|rna_only],10,0.7772271194065424,0.8839732614385583,0.3661892712711592,0.14386690592033113
Lawlor_LPS_T,cellbridge[shared_top05|anchors_required],10,0.7792759695122295,0.8762188647504482,0.3594182182090737,0.1516283168172654
Lawlor_LPS_T,cellbridge[shared_top05|rho0],10,0.7903352026212518,0.8758548437278237,0.34623104069866806,0.16644135827895268
Lawlor_LPS_T,cellbridge[shared_top05|rho_max],10,0.7612414330019879,0.8784335277146138,0.3855015504305572,0.1226178341176144
Lawlor_LPS_T,cellbridge[shared_top05|no_level],10,0.7798200804137417,0.8795238603047819,0.36128388133694933,0.1463226255815684
Lawlor_LPS_T,cellbridge[shared_top05|k1],10,0.8098957594843583,0.8781534329473247,0.3395611795998291,0.17190996254860336
