protein,primary,standardized_mae
CD86.1,False,0.5861515057114185
CD274 (B7-H1; PD-L1),False,0.22126183017804454
CD270 (HVEM; TR2),False,0.16760093056891973
CD155 (PVR),False,0.30876942653292666
CD112 (Nectin-2),False,0.19132959224635476
CD47.1,False,0.29239262255433746
CD48.1,False,0.18565717471200854
CD40.1,False,0.22143281582880658
CD154,False,0.1634336653702735
CD52.1,False,0.2720979617203061
CD3,False,0.3004651964149362
CD8,False,0.3733190874973047
CD56,False,0.4478087966544081
CD19.1,False,0.3616731246590229
CD33.1,False,0.3190778088812691
CD11c,False,0.30162901634365613
HLA-A;B;C,False,0.3524257370200713
CD45RA,False,0.5465045622190596
CD123,False,0.2729707830778856
CD7.1,False,0.35881119296125047
CD105,False,0.25699944730351787
anti-human/mouse CD49f,False,0.2219954743099442
CD194 (CCR4),False,0.26811210412588377
CD4.1,False,0.35410500908016174
anti-mouse/human CD44,False,0.20124481615810166
CD14.1,False,0.6949713728428442
CD16,False,0.3506026482422754
CD25,True,0.20351436403672177
TIGIT (VSTM3),False,0.2358644799709801
CD20,False,0.39794978782232043
CD335 (NKp46),False,0.21002929401640685
CD31,False,0.4056659190905142
CD146,False,0.2529450401606745
IgM,False,0.24836050047748817
CD5.1,False,0.3048516815142649
CD183 (CXCR3),False,0.4363475659766437
CD195 (CCR5),False,0.4544785706450396
CD32,False,0.25784457044852094
CD196 (CCR6),False,0.42108079847849167
CD185 (CXCR5),False,0.2257893431220987
CD103 (Integrin αE),False,0.30524842697579724
CD69,True,0.36356408036531784
CD62L,False,0.606088367824179
CD161,False,0.23854360313215253
CD152 (CTLA-4),False,0.24985774884578102
CD223 (LAG-3),False,0.2646209025842971
KLRG1 (MAFA),False,0.24464190256708998
CD107a (LAMP-1),False,0.20359564045274164
CD95 (Fas),False,0.14386074807046692
CD134 (OX40),False,0.17301231015812732
CD1c,False,0.2218228256455148
CD11b,False,0.3643901569631615
CD64,False,0.5498408170817983
CD141 (Thrombomodulin),False,0.25574526396843067
CD1d,False,0.33570102224525283
CD314 (NKG2D),False,0.23184955344420172
CD35,False,0.4387942927658631
CD57 Recombinant,False,0.2789689875915038
CD272 (BTLA),False,0.2860272586911915
CD58 (LFA-3),False,0.165863835429707
CD39,False,0.3358948942260527
CX3CR1.1,False,0.3267004290321942
CD24.1,False,0.19416477714006525
CD21,False,0.3463611395848409
CD11a,False,0.2374660686215051
CD79b (Igβ),False,0.19201032425108355
CD244 (2B4),False,0.26678210748793085
CD169 (Sialoadhesin; Siglec-1),False,0.18390669745849744
anti-human/mouse integrin β7,False,0.8508530014100367
CD268 (BAFF-R),False,0.26946221145742066
CD42b,False,0.33784407457637317
CD54,False,0.17536632822842066
CD62P (P-Selectin),False,1.1353005861628716
CD119 (IFN-γ R α chain),False,0.1646781836365007
TCR α/β,False,0.3761708188345062
CD122 (IL-2Rβ),False,0.18533723696178922
CD267 (TACI),False,0.23622640673137468
FcεRIα,False,0.4061250432395046
CD41,False,0.8651853756481259
CD137 (4-1BB),False,0.24264658339254921
CD163.1,False,0.37379023891164104
CD83.1,False,0.22901550661066866
CD124 (IL-4Rα),False,0.13181735301051575
CD13,False,0.4046890848495316
CD2.1,False,0.34020133425018645
CD226 (DNAM-1),False,0.15539097144256483
CD29,False,0.21117582370650165
CD303 (BDCA-2),False,0.20753667464919112
CD49b,False,0.8012553291130295
CD81 (TAPA-1),False,0.49160651681137074
IgD,False,0.19006784295132323
CD18,False,0.17312544801212423
CD45,False,0.24661475036617544
CD22.1,False,0.2407586123492614
CD71,False,0.5495652863761832
CD26,False,0.31360789032797215
CD36.1,False,0.9251202138035793
CD158 (KIR2DL1/S1/S3/S5),False,0.3541510103360939
CD49a,False,0.6739937181900324
CD49d,False,0.24231508381306982
CD73 (Ecto-5'-nucleotidase),False,0.3773965670878238
TCR Vα7.2,False,0.43665756567681113
TCR Vδ2,False,0.45055310085335465
LOX-1,False,0.2684752389255237
CD158b (KIR2DL2/L3;  NKAT2),False,0.23308958382532366
CD158e1 (KIR3DL1; NKB1),False,0.24509805436199947
CD319 (CRACC),False,0.20991589209847267
CD99.1,False,0.2979862318288299
CLEC12A.1,False,0.6214583378898677
CD352 (NTB-A),False,0.2904596999083681
CD94,False,0.1329725129563668
Ig light chain κ,False,0.1548120306053426
CD85j (ILT2),False,0.18950488804214471
CD23,False,0.24554901931441445
Ig light chain λ,False,0.20333809034135664
CD328 (Siglec-7),False,0.33507527440593565
GPR56,False,0.19040853408677952
HLA-E.1,False,0.2962776604801598
CD82.1,False,0.2217269429934361
CD101 (BB27),False,0.44928024151096047
CD88 (C5aR),False,0.16440145973944625
CD224,False,0.16378864438774815
