protein,anchor_share,primary
CD86.1,0.11981127965228655,False
CD274 (B7-H1; PD-L1),0.20730759712639388,False
CD270 (HVEM; TR2),0.28604256486138774,False
CD155 (PVR),0.19562380280628708,False
CD112 (Nectin-2),0.25113570488487985,False
CD47.1,0.24252891676184168,False
CD48.1,0.24570490022179542,False
CD40.1,0.1344218165034163,False
CD154,0.25803958391061566,False
CD52.1,0.23302119330998963,False
CD3,0.18949052890707363,False
CD8,0.08361616542910638,False
CD56,0.07143140050157482,False
CD19.1,0.13283447679463217,False
CD33.1,0.1121394736418468,False
CD11c,0.10324622725713697,False
HLA-A;B;C,0.184119427742724,False
CD45RA,0.22251641751282106,False
CD123,0.19815296276435637,False
CD7.1,0.16678402761631647,False
CD105,0.2277919890748549,False
anti-human/mouse CD49f,0.15385567061823072,False
CD194 (CCR4),0.11897052786328106,False
CD4.1,0.14588968519938283,False
anti-mouse/human CD44,0.24511043863659734,False
CD14.1,0.15010595568210391,False
CD16,0.12251476710475664,False
CD25,0.13625799121754967,True
TIGIT (VSTM3),0.15359456302108526,False
CD20,0.14101957908446522,False
CD335 (NKp46),0.13880576030829567,False
CD31,0.12604954229646978,False
CD146,0.11083957476859294,False
IgM,0.12586118413213995,False
CD5.1,0.2541871884758869,False
CD183 (CXCR3),0.1900408247570297,False
CD195 (CCR5),0.12984388719653603,False
CD32,0.13674177360297177,False
CD196 (CCR6),0.11114346790635007,False
CD185 (CXCR5),0.1855107152422172,False
CD103 (Integrin αE),0.10947737500285908,False
CD69,0.16678318718148769,True
CD62L,0.163729892924631,False
CD161,0.16038330298171044,False
CD152 (CTLA-4),0.21704897253727468,False
CD223 (LAG-3),0.24914403299299542,False
KLRG1 (MAFA),0.114186518498219,False
CD107a (LAMP-1),0.24081485935435354,False
CD95 (Fas),0.17790565986631876,False
CD134 (OX40),0.24642338888405585,False
CD1c,0.12014532953251833,False
CD11b,0.16731580065016521,False
CD64,0.12892493559579066,False
CD141 (Thrombomodulin),0.2486873965528167,False
CD1d,0.16512827655472387,False
CD314 (NKG2D),0.13534946643264054,False
CD35,0.15161609727856082,False
CD57 Recombinant,0.06454082544005531,False
CD272 (BTLA),0.2506031368296988,False
CD58 (LFA-3),0.2686372063749129,False
CD39,0.11565850871088965,False
CX3CR1.1,0.1632872868718767,False
CD24.1,0.19044679591113628,False
CD21,0.10474230114189138,False
CD11a,0.2377999139601311,False
CD79b (Igβ),0.21466030763093982,False
CD244 (2B4),0.15815611549736253,False
CD169 (Sialoadhesin; Siglec-1),0.23284581059987497,False
anti-human/mouse integrin β7,0.10592789323047765,False
CD268 (BAFF-R),0.15343119565841767,False
CD42b,0.15893738598716964,False
CD54,0.1345588590496118,False
CD62P (P-Selectin),0.14381244738262194,False
CD119 (IFN-γ R α chain),0.21911258452761379,False
TCR α/β,0.17905545875374435,False
CD122 (IL-2Rβ),0.16361144945880238,False
CD267 (TACI),0.25501239089763605,False
FcεRIα,0.18096993467303893,False
CD41,0.1465399789817766,False
CD137 (4-1BB),0.2675969425536491,False
CD163.1,0.19001416477060573,False
CD83.1,0.28062846323469925,False
CD124 (IL-4Rα),0.2555377491809817,False
CD13,0.18097832274777687,False
CD2.1,0.2538387412831462,False
CD226 (DNAM-1),0.19602621666551218,False
CD29,0.20180258674420887,False
CD303 (BDCA-2),0.17825849793593201,False
CD49b,0.1678795837875326,False
CD81 (TAPA-1),0.1894318991712302,False
IgD,0.12086783285695779,False
CD18,0.22516387651548833,False
CD45,0.2614633605338407,False
CD22.1,0.11447711980104751,False
CD71,0.12658828293668126,False
CD26,0.1609218095827078,False
CD36.1,0.1256433983783856,False
CD158 (KIR2DL1/S1/S3/S5),0.09413352757325437,False
CD49a,0.11103252804270562,False
CD49d,0.1675233224629062,False
CD73 (Ecto-5'-nucleotidase),0.11252736184691359,False
TCR Vα7.2,0.07340575813634913,False
TCR Vδ2,0.05214120543580077,False
LOX-1,0.18299400889818607,False
CD158b (KIR2DL2/L3;  NKAT2),0.12142957084539592,False
CD158e1 (KIR3DL1; NKB1),0.09046332096076778,False
CD319 (CRACC),0.21368907892740152,False
CD99.1,0.2006687408390359,False
CLEC12A.1,0.15513016271603167,False
CD352 (NTB-A),0.2589479840392107,False
CD94,0.07190393627367889,False
Ig light chain κ,0.2315374030148055,False
CD85j (ILT2),0.1900707870245714,False
CD23,0.23067359500621443,False
Ig light chain λ,0.23282521520698235,False
CD328 (Siglec-7),0.07726694540730861,False
GPR56,0.0899399066588767,False
HLA-E.1,0.23014033886383967,False
CD82.1,0.20763952996829138,False
CD101 (BB27),0.12542658786772895,False
CD88 (C5aR),0.2610878431207196,False
CD224,0.1764496407857071,False
