donor,protein,observed,predicted
Donor002,CD25,-0.05574587731299113,-0.07356225761057222
Donor002,CD69,-0.003977245549246722,-0.007975475029807536
Donor006,CD25,-0.09233571647761352,-0.05722573081647952
Donor006,CD69,-0.03703575391436564,-0.018367175169773705
Donor008,CD25,-0.044358968676942,-0.03480912346238209
Donor008,CD69,-0.007767820124408853,-0.039285523735297236
Donor012,CD25,0.04645715799310024,0.03902453801227501
Donor012,CD69,-0.011468599628173148,-0.0006398555196961736
Donor013,CD25,0.014745934436426356,0.02049239208393141
Donor013,CD69,0.04458457754616618,0.016074643527809178
Donor018,CD25,0.014883861162055756,0.03198000008195761
Donor018,CD69,0.012612906643538924,0.01881768315119804
Donor021,CD25,-0.039122197401786796,-0.013367758916533794
Donor021,CD69,0.012197925939728904,0.005464469905732022
Donor025,CD25,0.030670600689996275,0.02516154698783761
Donor025,CD69,0.05377159473390247,0.00154281539107534
Donor032,CD25,0.0480531254751414,0.04341864279498642
Donor032,CD69,0.024551861221588922,0.0594927717519394
Donor050,CD25,0.061067366457609684,0.04350158417479085
Donor050,CD69,0.015090102288869534,0.049265644675027954
