task,features,all_mae,primary_mae,n_donors
Lawlor_CD3_CD28_T,rna_plus_anchors,0.8298340507868371,0.7306217280567779,10
Lawlor_CD3_CD28_T,rna_only,0.8321631663193939,0.7324159771811306,10
Lawlor_CD3_CD28_T,anchors_only,0.8632465629358365,0.8055785392091159,10
Lawlor_LPS_Monocyte,rna_plus_anchors,0.5980479846123432,0.6472835737437733,10
Lawlor_LPS_Monocyte,rna_only,0.6895783051071177,0.6915891404915436,10
Lawlor_LPS_Monocyte,anchors_only,0.7368912657157627,0.8186434930345149,10
Lawlor_LPS_T,rna_plus_anchors,0.870477403445385,0.7984060225509472,10
Lawlor_LPS_T,rna_only,0.8792077119031969,0.803970527152187,10
Lawlor_LPS_T,anchors_only,0.9188348164893713,0.8854503188437807,10
Lawlor_CD3_CD28_Monocyte,rna_plus_anchors,0.6407389897835671,0.5303136671015222,10
Lawlor_CD3_CD28_Monocyte,rna_only,0.719432363570849,0.645984885133243,10
Lawlor_CD3_CD28_Monocyte,anchors_only,0.8934995882959196,0.7841203459620323,10
Lawlor_IgM_IgG_B,rna_plus_anchors,1.1058914631837975,0.9078936687767751,5
Lawlor_IgM_IgG_B,rna_only,1.206436951922442,1.1103934453880138,5
Lawlor_IgM_IgG_B,anchors_only,1.0125275385384827,1.1518153465045757,5
Lawlor_IgM_IgG_T,rna_plus_anchors,0.8332267821206191,0.7112802338906555,10
Lawlor_IgM_IgG_T,rna_only,0.8990830390345076,0.8076676056477856,10
Lawlor_IgM_IgG_T,anchors_only,0.8244967897910843,0.7644182247384815,10
Lawlor_IgM_IgG_NK,rna_plus_anchors,0.9278799431839596,0.9413897106864522,10
Lawlor_IgM_IgG_NK,rna_only,0.9492158043579065,0.9329717998581444,10
Lawlor_IgM_IgG_NK,anchors_only,0.9207631996846619,0.8593999553878534,10
Lawlor_IgM_IgG_Monocyte,rna_plus_anchors,0.637499965111364,0.6876157541018394,10
Lawlor_IgM_IgG_Monocyte,rna_only,0.8028843989437391,0.7666139317873435,10
Lawlor_IgM_IgG_Monocyte,anchors_only,0.6837817185063375,0.6787677177450302,10
GSE334503_train_T,rna_plus_anchors,0.44762809769171796,0.4189233269459968,11
GSE334503_train_T,rna_only,0.7490490009248714,0.7876859776967501,11
GSE334503_train_T,anchors_only,0.45277842689593817,0.3913010174212708,11
