bootstrap,protein,top,anchor_share,top_is_anchor
0,CD25,"CD45RO,CD28,NFKBIA,log1p_genes,CD27",0.1091835139860366,True
0,CD69,"CD45RO,PD-1,CD28,CD127,log1p_genes",0.14378563324964716,True
0,CD154,"CD45RO,CD28,PD-1,GIMAP7,CD127",0.18101863391236758,True
1,CD25,"log1p_genes,IL2RA,S100A4,CD27,HLA-DR",0.055542472161678055,False
1,CD69,"JUN,log1p_genes,HLA-DR,log1p_umis,CD45RO",0.05776760044799982,False
1,CD154,"log1p_genes,CD27,HLA-DR,FOSB,CD45RO",0.09284929219860442,False
2,CD25,"CD45RO,log1p_genes,S100A4,ICOS,GZMK",0.11993510346903859,True
2,CD69,"CD45RO,PD-1,log1p_genes,HLA-DR,log1p_umis",0.16659366294578123,True
2,CD154,"CD45RO,PD-1,ICOS,CD38,HLA-DR",0.23902090418562008,True
3,CD25,"CD28,CD45RO,THEMIS,log1p_genes,CD27",0.09101277934344781,True
3,CD69,"CD28,CD45RO,JUN,GIMAP4,CD38",0.10067030361286873,True
3,CD154,"CD28,CD45RO,CD127,DUSP1,CD38",0.1740320387027699,True
4,CD25,"CD28,CD127,S100A4,ICOS,NFKBIA",0.09652923860218442,True
4,CD69,"JUN,CD28,CD127,ICOS,NKG7",0.12264740003943239,False
4,CD154,"CD28,CD127,JUN,ICOS,NFKBIA",0.1866058458631574,True
5,CD25,"CD45RO,CD28,ICOS,CD27,CD127",0.2635464157507579,True
5,CD69,"CD45RO,PD-1,CD28,CD127,HLA-DR",0.337536831266981,True
5,CD154,"CD45RO,CD28,PD-1,CD127,ICOS",0.4369006519524116,True
6,CD25,"CD45RO,CD28,ICOS,CD27,CD127",0.2508632776134456,True
6,CD69,"CD45RO,CD127,CD28,PD-1,HLA-DR",0.3057586762926689,True
6,CD154,"CD45RO,CD28,CD127,ICOS,PD-1",0.4220275984023747,True
7,CD25,"CD45RO,log1p_genes,ITGA4,S100A4,HLA-DR",0.09300072634508007,True
7,CD69,"CD45RO,log1p_genes,PD-1,HLA-DR,log1p_umis",0.12436730111788775,True
7,CD154,"CD45RO,PD-1,log1p_genes,HLA-DR,log1p_umis",0.17890571131781272,True
8,CD25,"CD28,ICOS,CD27,CD45RO,CD127",0.16527958311695273,True
8,CD69,"CD28,CD127,CD38,ICOS,CD45RO",0.19522639079484327,True
8,CD154,"CD28,CD127,ICOS,CD38,CD27",0.27690652122369586,True
9,CD25,"log1p_genes,THEMIS,CD45RO,PRF1,GZMA",0.049024014073107344,False
9,CD69,"PD-1,log1p_genes,CD45RO,CD28,PRF1",0.06529422365269114,True
9,CD154,"log1p_genes,CD45RO,CD27,GIMAP7,PD-1",0.0925345898129174,False
10,CD25,"CD28,CD27,CD45RO,NKG7,CD127",0.1241373179056634,True
10,CD69,"CD28,CD127,CD45RO,NKG7,JUN",0.13491363790322194,True
10,CD154,"CD28,CD127,CD45RO,CD27,ICOS",0.2192229511583165,True
11,CD25,"CD45RO,log1p_genes,ICOS,HLA-DR,CD27",0.15479582690900848,True
11,CD69,"CD45RO,PD-1,HLA-DR,log1p_genes,CD38",0.18518798099309344,True
11,CD154,"CD45RO,PD-1,ICOS,CD38,HLA-DR",0.2904286310451531,True
12,CD25,"ICOS,CD45RO,ZFP36L2,CD28,GZMA",0.08840010051235718,True
12,CD69,"JUN,CD45RO,FOS,CD38,CD127",0.10498582741323415,False
12,CD154,"CD45RO,FOS,ICOS,JUN,CD38",0.16654224492281683,True
13,CD25,"CD45RO,THEMIS,IL7R,ICOS,CHASERR",0.06609954048724762,True
13,CD69,"CD127,CD45RO,log1p_umis,CD52,HLA-DR",0.08091905662405444,True
13,CD154,"CD127,CD45RO,ICOS,PD-1,GIMAP4",0.13172534764121321,True
14,CD25,"CD28,ICOS,CD45RO,CD127,CD27",0.23879923052957996,True
14,CD69,"CD127,CD28,ICOS,CD45RO,CD38",0.2701315131088172,True
14,CD154,"CD28,CD127,ICOS,CD45RO,CD27",0.3810499792915563,True
15,CD25,"CD45RO,CD28,ICOS,CD27,HLA-DR",0.2584118057139267,True
15,CD69,"CD45RO,PD-1,CD28,CD127,HLA-DR",0.32427662242708527,True
15,CD154,"CD45RO,CD28,CD127,PD-1,ICOS",0.4306869543634731,True
16,CD25,"CD45RO,log1p_umis,log1p_genes,HLA-DR,CD28",0.15058124054155234,True
16,CD69,"CD45RO,CD38,HLA-DR,PD-1,log1p_umis",0.1855466633996453,True
16,CD154,"CD45RO,CD38,PD-1,CD28,HLA-DR",0.26752295498670536,True
17,CD25,"log1p_genes,log1p_umis,CCR7,HLA-DR,ITGA4",0.05559229603039538,False
17,CD69,"log1p_umis,log1p_genes,HLA-DR,PD-1,CD127",0.08227719664476245,False
17,CD154,"log1p_genes,log1p_umis,HLA-DR,PD-1,CD127",0.10644341634839244,False
18,CD25,"CD45RO,CD28,CD27,ICOS,CD127",0.2790978946518084,True
18,CD69,"CD45RO,CD28,CD127,PD-1,ICOS",0.3373564415901413,True
18,CD154,"CD28,CD45RO,CD127,ICOS,PD-1",0.4263064777770268,True
19,CD25,"CD28,PRF1,CCL5,S100A4,KLRD1",0.05362179103358665,True
19,CD69,"CD28,CD127,CTSW,NKG7,PRF1",0.06856878022684852,True
19,CD154,"CD28,CD27,CD127,CD38,PD-1",0.11745959197569096,True
