task,n_genes,all_mae,primary_mae,n_donors
Lawlor_CD3_CD28_T,128,0.7868684766098238,0.6471174304249392,10
Lawlor_CD3_CD28_T,277,0.8246083193860543,0.6894530030868282,10
Lawlor_CD3_CD28_T,1021,0.8298340507868371,0.7306217280567779,10
Lawlor_CD3_CD28_T,2018,0.8083232573656961,0.7115007651025,10
Lawlor_LPS_Monocyte,124,0.6159700048899464,0.6740955338516763,10
Lawlor_LPS_Monocyte,273,0.617344688792002,0.6619472536206952,10
Lawlor_LPS_Monocyte,1020,0.5980479846123432,0.6472835737437733,10
Lawlor_LPS_Monocyte,2016,0.5850467635448451,0.6323518771863542,10
Lawlor_LPS_T,122,0.8646232000583627,0.737600945424354,10
Lawlor_LPS_T,268,0.8593421320658654,0.7204270636784346,10
Lawlor_LPS_T,1014,0.870477403445385,0.7984060225509472,10
Lawlor_LPS_T,2011,0.8686921151608461,0.7986275602324804,10
Lawlor_CD3_CD28_Monocyte,126,0.6828278364849046,0.5211248666692464,10
Lawlor_CD3_CD28_Monocyte,275,0.6399853437473431,0.5607249352885713,10
Lawlor_CD3_CD28_Monocyte,1022,0.6407389897835671,0.5303136671015222,10
Lawlor_CD3_CD28_Monocyte,2018,0.644953197982586,0.5569912101628819,10
Lawlor_IgM_IgG_B,125,1.0057089105113204,0.8824015124806113,5
Lawlor_IgM_IgG_B,274,1.0848361348994882,0.9997663243707049,5
Lawlor_IgM_IgG_B,1020,1.1058914631837975,0.9078936687767751,5
Lawlor_IgM_IgG_B,2015,1.1788480063520024,1.101523793796812,5
Lawlor_IgM_IgG_T,120,0.8025332742747395,0.7010415501837307,10
Lawlor_IgM_IgG_T,267,0.7892347037634205,0.7012357079266028,10
Lawlor_IgM_IgG_T,1013,0.8332267821206191,0.7112802338906555,10
Lawlor_IgM_IgG_T,2009,0.826110448705134,0.6628729230541822,10
Lawlor_IgM_IgG_NK,118,0.9102246875129418,0.9133786736641923,10
Lawlor_IgM_IgG_NK,267,0.891738051230987,0.9151536314112139,10
Lawlor_IgM_IgG_NK,1011,0.9278799431839596,0.9413897106864522,10
Lawlor_IgM_IgG_NK,2006,0.9252101939059557,0.9952001370897676,10
Lawlor_IgM_IgG_Monocyte,124,0.6789704978785226,0.7323651275970293,10
Lawlor_IgM_IgG_Monocyte,273,0.6671560998800257,0.7702207037887385,10
Lawlor_IgM_IgG_Monocyte,1021,0.637499965111364,0.6876157541018394,10
Lawlor_IgM_IgG_Monocyte,2017,0.6472411714640744,0.7777636273879617,10
GSE334503_train_T,168,0.43602307397746737,0.38027444749587286,11
GSE334503_train_T,316,0.43983187912360683,0.4007454628617781,11
GSE334503_train_T,1056,0.44762809769171796,0.4189233269459968,11
GSE334503_train_T,2048,0.44905274689600544,0.42065512374780734,11
