method,primary_mae,all_mae
cellbridge[shared_top05],0.7264525942655415,0.7773242005791461
cellbridge[shared_top05|anchors_required],0.7229388514621181,0.7736253812377956
cellbridge[shared_top05|k1],0.7290505295740255,0.7813822081010338
cellbridge[shared_top05|rho0],0.7330272903289335,0.782425973519037
cellbridge[shared_top05|rho_max],0.722078796619725,0.7786406341701406
cellbridge[shared_top05|rna_only],0.8225924576642784,0.8618256031599468
joint_ridge,0.9856185910883981,0.9846851279720455
mean,1.0366283202175612,1.032339628969356
rna_ridge,0.9910388232693735,0.9882337125167445
v040_abundance_shrinkage,0.8252787183888042,0.896291924456938
